Title,Contents,Date
쿠팡 tw1 ㅡㅡ,개인메세지는 되는데; 마감 문자 안오길래 문의했더니 단체문자일 경우 발송되지 않는 경우가 있다고 함;;; 아이폰이고 mms설정해둠 ... 뭔데 sibakl 이러다 출확됐는데 무단되면 어쩔거? 자주 있는 일이면 좀 카톡으로 보내든지 해라;,2025-01-26
대구 일자리 폭망,"대구 일자리 없어서 대구 청년들이 대구를 떠나 타지역을 다니면서 돈벌고 있는 실정입니다.대구 시내 동성로 같은 경우 매장 폐업한곳 수두룩하며시내 라긴 보다 한동네에 가까운 느낌이 되었습니다공장이라곤 촌스럽고 구리한 3공단, 차없으면 다니기 엄청 불편한 꾸리한 성서공단이 전부이며 대구 샤니빵공장 후기평이 너무나도 안좋고 그나마 있는 국민알바 쿠팡 계약직 전혀 모집하지않고 있으며일용직 또한 반려 되기 일수 이죠매장 알바같은 경우 대구 특정상 촌시러우며 정다운 감시와 간섭+ 촌스러운 억양과 사나운 성향이 들어나서 들어가면 나오는 그런곳들이 엄청 많습니다 대구에 그나마 쿠팡물류센터가 그나마 집앞까지 버스가 와서 태우고 달고 해주지만 일이 엄청 힘들죠…(현재 계약직안구함)더 힘든 일을 찾아서 삼만리 낯선 타지로 돈벌러 대구 청년들이 타지로 향합니다",2025-01-26
탕화쿵푸 한남대점 일해보신분 있나요??,탕화쿵푸 한남대점 일해보신분 있나요??,2025-01-26
대학병원 약제부 보조,근무해보신분 계신가요하는 일이 구체적으로 어떤 것인지일의 강도가 어느 정도인지 궁금합니다주말근무는 따로 수당이있다던데 어느정도일지요?,2025-01-26
인천공항 브랜드팝업 알바 해보신분?,계신가요?? 어떤일 하는지 궁금해서요그냥 면세점쪽에서 안내하는 일일까요,2025-01-26
이천 지그재그 가지마세요,5일째 돈 못받는중입니다.상지업체이고 공고는 이름바까 올리는듯ㅈㅇㅇㅇㅊㅋㅍㄴ피해보지마시라구 계속 올려드립니다시비충은 가볍게 무시합니다,2025-01-26
온셀택 면접 불합격,온셀텍 공장 기숙사 운영되어서 면접 보러 타지역 사는데 천안까지 기차타고 면접 보러갔는데 합격 확정도 아닌데 어떤 여자는 캐리어에 짐싸들고 온 여자도 있더라공장 로비에는 노숙사 냄새로 아주 냄새가….면접 보러온 사람들은 20명 이상 이였던거 같아아주아주 난이도 높은 종이시험 치고 면접실에 가니 그곳에서도 노숙자 냄새가….무튼 면접 보고 문자로 불합격 통보 받았어백수인 내가 차비10만원이 너무 아깝고 추운날에 코트 자켓 입어서 독감까지 걸려서 옴 다시는 타지 공장에 내돈 들여서 면접 볼일은 없을거고돈낭비 시간낭비 면접도 깐깐한거 같네요 이상한 시험도 그렇고 면접관 태도도 마음에 안들어그리고 온셀텍 공장 평도 안좋던데 공장 중소기업이 이렇게 콧대가 높다니 놀랍네요 차라리 안된게 잘된 일인거 같아온셀텍 로비에서 본 아줌마들도 엄청 드세던데 ;;,2025-01-26
알바처에서 통장이랑 신분증 찍어달라는데,제가 비대면으로 개설한 입출금통장밖에 없거든요 이런 경우엔 어떻게 찍어야 하나요? 알바가 처음이라 잘 몰라요ㅜㅜ,2025-01-26
온누리상품권 환급 농축산 절대 다신안함,팀장인데 팀원들보다 일은 2배이상해야하는데일급은 비슷함 ㅋㅋㅋㅋㅋㅋㅋ장난치나 밤11시에도 카톡옴 하...,2025-01-26
쿠팡 쉬는 시간,코로나 전에 쿠팡 갔더니 쉬는시간 중간에 한 번 주고 계속 일 시켜서 다신 안갔음. (출고였음)근데 이번에 입고로 갔더니 작업층에 쉼터 만들어놓고 한두시간마다 10~15분 쉬어도 별말 없고 다들 그러는 분위기. 심지어 다른 파트로 간 친구는 중간에 쉬고 오라는 말도 들었다는데 다른 센터들도 이럼???이번에 간 센터가 집에서 너무 멀어서 다른 센터 지원해보고 싶은데 괜한 짓일까..?,2025-01-26
근로장려금은,해당자는 따로 문자가 와요?,2025-01-26
알바 하루하고 잘렸는데,전근무자가 다시 일하기로 했다면서 잘렸는데이거 제 탓인가요?사장님은 돈 줬는데 어쩌라고 식 느낌인데사장님이 이상한 사람 아닌가요?아니 내가 맘에 안 들었으면그냥 맘에 안 들었다고 할 것이지내가 일 못했냐니까 하루봐선 모르겠다네요?여기 일할라고 다른 곳 면접 다 안 갔는데겨우 여기 하루 일할라고 다른 곳 기회 다 버린 줄 아나;;안 그래도 요새 알바 자리도 없는데어휴 이 돈 그냥 다시 보내고 싶은데 그래도 되나,2025-01-26
이천2 쿠팡 요즘 확정 오나요?,방학이라 그런가 경쟁  치열해요,2025-01-26
근로장려금,"25년 2월까지 근무를 할 예정입니다.그럼 25년 근로장려금 상반기, 하반기 둘 다 못 받나요?아님 내년 거를 못 받는 건가요?",2025-01-26
홈택스 환금급 계좌 변경 후 지급일,안녕하세여 일주일 전에 오류로 지급할수없다구 환급계좌를 바꾸라고 문자와서 바로 바껏는데 이 돈은 언제쯤 들어올까요??,2025-01-26
온누리 팀장 3회차인데  긴 후기남김,1. 할때마다 느끼는거지만 책임 지어야할 사항이많고의무감이 높고 퇴근을 해도 퇴근을 하는게아니다.2. 팀원 잘못만나면 개고생한다3. 상인회가 천사면 수월 악마면 증오4. 잘생긴 남자들은 1도없당,2025-01-26
문자지원 읽씹경우,지원을 문자로 하래서 했는데읽씹당할경우그냥 참아?,2025-01-26
수호대 이메일 주소(질문),혹시 수호대 이메일 주소 아시는 분 계실까요?,2025-01-26
근로계약성 미작성 신고,취하할 방법 있어?신고해본 사람 후기좀삼자대면이 필요한 상황이야,2025-01-26
동탄쿠팡,동탄쿠팡. 낼부터 목요일까지확정왔으면좋겠어요,2025-01-26
알바 문자지원은 몇시까지 괜찮은가요,저녁7시~7시반은 늦은걸까요?,2025-01-26
사장님들 입장에서,알바공고 등록하면 지원자들 문자가마치 당근에서 10만원짜리를 5천원에 내놓은 것마냥미친듯이 쏟아지나요?;;,2025-01-26
온누리 농축산 환급 팀장하지마라,점심시간 없고 쉬는시간자체가 없음 진짜 개짜증남하루에 똑같은말 300번은 함목아파 죽겠다,2025-01-26
편의점 알바 사장 양아치들 많네요ㅋㅋㅋ,면접 보고자세하게 일하는날짜랑계약조건 상세히 다말하고다음주에 연락준다고 근무날짜까지일 다시킬거처럼 말해놓고기다리고있는데연락와서 한다는말이얼버무리면서 결국 다른사람 뽑앗다는말ㅋㅋ그래도 일 필요하면 대타로 불러줄수있다면서선심쓰듯 설연휴 3일 대타근무 해줄수있냐 하는데설연휴ㅋㅋㅋ어이가 없어서쌍욕박고싶엇는데 안된다고 했네요사실 주말에 다음주 근무 확정된거맞는지다른곳 일구해야되는데 연락이없길래문자보냈는데 귀찮다는투로 다음주에 연락드립니다한마디 보낸거보자마자 쌔해서 바로다른곳 면접보고 붙어서 일하고있었는데설마하면 역시나네요ㅋㅋ저 편의점 주휴주기 싫어서 월급제 한다는곳입니다굳이 어딘지 말은안하지만 다들 월급제한다는 편의점뜨면 참고하세요정말 쌩양아치들 많네요,2025-01-26
설날 일당 20,내일부터 삼 일동안 알바하는데일당 20해서 60만원이번달 마이너스 엿는데간신히 살아남는다 ㅋㅋㅋ니들도 꼭 알바 찾아라,2025-01-26
편의점 알바 교육시간도 근무시간으로 쳐주나요??,알바 교육한다고불러서하루 10시간 밤새교육 받고왓는데뭐 무급이라고 고지한부분도없고그냥 나와서 인수인계 받아라한마디 듣고 나가서 10시간 매장 보고원래 그시간대 근무자랑일하면서 교육받고왔습니다따로 교육시간에 대해서페이를 들은건 없는데이부분도 근무시간에 포함인건가요??,2025-01-26
내일 오상헬스케어 가시는분들~~,계신가요융,2025-01-26
두원마인즈 조이푸드 사기막골,관리자들 대박이네 ㅋㅋㅋㅋ 항상 공고 올라오는 이유를 알겠다,2025-01-26
궁금한거 있는데..,제가 2월 3일에 자취할겸 번호나 이런걸 싹다 바꾸기로 했는데 지금 면접 본 알바자리가 뽑힌 상태에요. 2월 1일날 첫출근인데 2월 1일에 직접 만나서 말씀 드리는게 나을까요 아니면 내일 오전중에 전화로 알려드리는게 나을까요? 혹시나 전화 바꿨다고 자르거나 그러진 않겠죠...?ㅠㅅㅠ,2025-01-26
편의점 알바 미친 개꿀팁,장바구니 끌고 다니는 할줌마를 조심할 것,2025-01-26
이천 지그재그 가지마세요,5일째 돈 못받는중입니다.상지업체이고  공고는 이름바까 올리는듯ㅈㅇㅇㅇㅊㅋㅍㄴ 피해보지마시라구 계속 올려드립니다시비충은 가볍게 무시합니다,2025-01-26
설연휴 알바,설연휴알바 있을까요혹시나해서요,2025-01-26
무신사스탠다드 무탠다드,알바지원 했는데 알바경험담에 올라온 글들 보니까 다들 연락은 못 받았나보네요… 한꺼번에 면접 보려는 건가..? 뭔가 정해져 있는 것 같음,2025-01-26
"콜센터에서 사무, 총무 업무 해보신 분 계실까요?!","주로 맡게 되는 업무가 궁금해요!전화 업무는 따로 없나요?공고에 실적보고서 작성, DB배정 등의 업무라고 되어있었는데 어떤 업무인가요??가능하면 오래 다니고 싶은데 가능할까요..??",2025-01-26
맨파워코리아 이회사,지금 일하는회사가 3월말에 문을닫는다고 해서 어쩔수 없이 그만둬야되는 상황이라 맨파워코리아 아웃소싱회사 소속 이라는 2-3시간 걸려서 경기도 이천에있는 DHL 물류센터 면접보러 도착해서 저랑 면접봐주시는 담당자한테 전화했더니 담당자는 전화안받고 담당자 오늘 쉬는날이라 그래서 제가 다른팀장이랑 면접봤습니다 그팀장은 자기는 들은게없다면서 이력서도 없이면접봐놓고 불합격시켯다가 아웃소싱 본사에다가 제가 전화해서 잘말해달라 부탁해서 겨우 합격하게됬는데요.. 면접본곳  주5일 주말공휴일 다쉬는 물류센터로 갈지 아니면 제가 지금 일하는 곳이 장지에 서울복합물류단지에 있는 세븐일레븐 편의점 물류센터인데 여기 닫으면 하던일 그대로 성남지점으로 갈지 고민됩니다 주5일도 가능하고 6일도 가능하다는데 어느쪽이 나을까여 맨파워코리아 이회사 안좋나요?,2025-01-26
피자몰 일 해보신 분 계신가요?,피자몰 알바에 온라인 지원 했는데 이력서를 이틀동안 열람을 안 하시네요.. 모든 음식점이 이런가요?,2025-01-26
카페 알바하는데,진짜 네일 하고싶당ㅠㅠ,2025-01-26
단기알바 질문있어요,"종종 보이던 단기알바(포장검수같은)였고 구글에서 찾아보니 욕은 좀 있지만 후기도 있더라구요지원한지 30분인가? 되지도 않있는데 그쪽에서 문자가 오더라구요. 이름, 나이, 전번, 주민번호 앞자리, 통장번호 달라그래서 평소라면 제가 의심했을텐데 지난주에 다른 곳 단기 알바에서도 문자왔었거든요 근데 그때 제가 당일 정보를 안줬다고 취소했다고 하더라구요 그래서 이번엔 얼른 정보를 줬는데 한 3시간 지났는데도 연락이 없어서요 혹시 이걸로 명의 도용되거나 대출사기 같은거 당할 수도 있을까요ㅠ",2025-01-26
pc방 알바 어떤가요?ㅜㅠㅠㅠ,알바 구하다가 피씨방 알바 해보려고 하는데 어떤가요?요즘 피씨방 음식도 되게 많아지고 하던데 괜찮을까요?,2025-01-26
경기도 이천에있는,경기도 이천 포교리 712 에있는  DHL 물류센터 젊은 남여분들 많나요? 텃새는 있나요,2025-01-26
낼부터 목요일까지 쿠팡 확정오면 좋겠어요,낼부터 목요일까지쿠팡 확정 오면 좋겠어요,2025-01-26
카페알바 일주일차인데 그만 두는게 나을까요..??,제가 갓 20살이라 첫 알바로 카페알바를 하게됐는데 지금 수습기간 일주일동안 실수를 너무 많이해서 저랑 잘 안맞는거같은데.. 그만 두는게 더 도움될까요..?,2025-01-26
2/3일부터.2/28일까지알바,3/4일부터 하려는게있는데 2/3일부터.2/28일까지알바할수있나요? 생산직이요,2025-01-26
올리브영 양지 야간 핸드폰,처음으로 이번에 위너스로 올리브영 양지 야간 갈거같은데 일할때 핸드폰 바지 주머니에 넣고 있어도 되는거야?쿠팡같은 곳은 사물함에 넣어야 하잖아여긴 사물함에 열쇠도 없다니 불안해서사용안해도 들고는 들어갈 수 있어?설연휴 잘 보내,2025-01-26
치과 데스크에서 근무 경험 있으신 분 계실까요??,주로 어떤 업무를 맡게 되나요?처음인데 많이 어려울까요..?!가능하면 오래 근무하고 싶은데 가능할까요?ㅠ답변 주시면 감사하겠습니다!!,2025-01-26
올리브영 알바 하지마세요,점장 1명 직원 1명 알바생 10명 정도 있는 규모의 매장이었는데 갑질이 진짜 어마어마했고 이제 이 동네 올영에서 일 할 생각은 안 하는게 좋을거다 퇴사까지 남은 한 달 일하는거 보고 좋게 평가해주든 말든 하겠다 정 올영이 하고 싶으면 먼 지방에 있는 올영 가라 이런 말 듣고 퇴사합니다 규모가 작은 매장에서도 갑질이 이정도였는데 점장 직원 더 많은 매장에서는 얼마나 심할까 싶네요 출근 때마다 가정교육 운운하는건 기본이었습니다고객 컴플레인에는 세상 민감한데 소속 알바생은 생각도 안 하는게 진짜 최악이네요,2025-01-26
에슐리 Ak 기흥점 가지 마세요 절대,힘든건 다 남자시키고 여기 존나 여초라서 정치질 ㅈ됨 무전기로 소통하고 일하는데 매니저가 자기 기분 안좋으면 무전기로 알바들한테 꼽주고 자기가 좋아하는 애들한테는 혜택줌 그리고 알바애들도 질 안좋음 여기서ㅜ일 열시히 하고 잘 해봤자 손해임 그 사람만 더 일시키고 매니저한테 밉보이면 안됨일 ㅈ도 못하고 근태 안좋아도 매니저 맘에만 들면 안짜르고 일 잘하고 지각 한번 안하는 사람중에 매니저한테 조금이라도 밉보이면 짤림여기 사람 잘짜름,2025-01-26
곤쿠와 용쿠의 차이,곤쿠는 용쿠 딱 반만하다곤쿠는 알바들 대부분이 이십대가 많고용쿠는 사십대 이상이 많다어린애들이 별로 없음곤쿠는 근무시간중에 방송 거의 안하는데용쿠 레오는 십분에 한번씩 방송함용쿠는 밥이 잘나오는데곤쿠는 깔끔하긴한데 먹을게 별로 없고식당이랑 휴게실이 밖에 잇다내 개인적인 생각으로는 곤쿠가 용쿠보다 일이 편함,2025-01-26
원래 이렇게 답변이 없나요?ㅠ,1월 한달만 해도 1일 단기직 포함 한 4-50군데 넣었는데 답변 온곳이 하나도 없어요…알바경력도 2년정도 있고 장기1년 있고 프사도 붙이고 자격증도 2개정도 적어놨고 뭘 더 해야하나요뭐가 문제인지 모르겠으니 결국 드는 생각은 나이 많은거(30대 후반)때문인가 싶기도 하고 이정도로 연락 안오는 분들도 있나요??,2025-01-26
택배 보조엄무,보조업무를 했는데 이번주에 돈 들어온다고 해놓고 아직도 못받고 있는데 어떻게 해야되나요?꼭 받아야되는데ㅠㅠ,2025-01-26
미성년자라 만만했나요? 알바에서 겪은 부당함,"안녕하세요. 저는 최근 샤브샤브집 아르바이트를 하며 미성년자라는 이유로 너무나도 부당한 일을 겪었습니다.다음은 제가 겪은 상황들입니다1.근로계약서 파기 및 변경? 근로계약서를 작성했지만, 사장이 제 앞에서 계약서를 찢으며 마음대로 변경했습니다.? 주휴수당을 지급하지 않기 위해 계약 조건을 바꾸려 했습니다.2. 임금 지급 지연? 근무 당시 시급은 11,000원이었고, 1월 8일에 12시간, 1월 9일에 11시간 근무했습니다.? 급여는 1월 15일에 지급하기로 했지만, 여러 번 약속을 어기며 아직도 지급하지 않았습니다.? 제가 문제를 제기하자, 노동청 신고를 언급하기 전까지는 어떤 대응도 하지 않았습니다.3. 보건증 요구 없음? 음식점에서 일했음에도 불구하고, 사장은 보건증을 제출하라는 요구를 하지 않았습니다. 이는 명백한 식품위생법 위반입니다.4. 미성년자 보호 의무 위반? 저는 미성년자임에도 불구하고 하루 12시간 이상의 근로를 요구받았고, 부모님 동의서도 받지 않았습니다.또한 일을 시작할 때 주휴수당을 지급하겠다고 약속했지만?하지만 일이 끝날 때, 다음과 같은 부당한 조건을 제시함1. **최저시급(10,030원)**만 받고 주휴수당을 받을 것2. 시급 11,000원을 받고 주휴수당을 받지 않을 것둘 중 네가 원하는 것을 선택해라고 이야기하였습니다.저는 고용주와 정당하게 일하고 약속된 대가를 받을 권리가 있습니다. 하지만 고용주는 제 권리를 무시하며 계속해서 약속을 어겼습니다.이 글을 통해 많은 분들이 저와 같은 일을 겪지 않기를 바랍니다. 저도 지금 노동청에 신고를 진행 중입니다.",2025-01-26
주급제가 사람ㅇ 이라던지 파인드ㅈ 이라던지,이런데도 있나요?알바몬에도 주급제는 보이는데 선택을좀더 넓히고 싶어서요,2025-01-26
안성원곡 신선물류센터 여기어떤가요 ?,지인한테 추천받아서  가보려고 하는데요어떤가요 ?,2025-01-26
조건 어떰??,11:30-10:30(휴게 1시간)280만원(세전)주 5일 평일 2일 휴무홀서빙,2025-01-26
9군데 넣었는데 미열람 ㅜㅜ,흔한 일인가요?이미 다 구해서 미열람인거겠죠?,2025-01-26
ㄹ ㅏㅇ마라탕 일산점 !!!!!!!!!!!!!!,ㄹㅇ마라탕 일산점 근무해보신 분 계세요??있우시면 솔직 후기점여..,2025-01-26
일산 뉴코아아울렛 8층 카페 루ㄱ!!!!!,일산 뉴코아아울렛 8층 카페 루ㄱ에서 근무했던분 계실꺼요?? 계신다면 후기 좀…,2025-01-26
낼부터 정기배송일이에요,낼부터 쿠팡정기 배송일 이에요?,2025-01-26
하 피토하고 싶은 심정..,"정말 제가 꼭 하고싶고 시간이나 위치등 조건도 좋은 알바가 있었는데 그걸 본 시간이 새벽 세시, 간편문자지원 밖에 없었는데 혹시 새벽에 잠깨실까봐 6시에 지원하자 하고 기다렸다 방금 다시봤는데 공고 사라졌어요. 하... 배려고 뭐고 그냥 지원할걸... 피토하고 싶은 심정입니다ㅜㅜ",2025-01-26
쿠팡  확정받고 싶어요,쿠팡 확정받고 싶어요,2025-01-26
프랜차이즈 닭발집에서 일하는데요..,보건증도 확인 안 하고 알바한지 한달 넘었는데 계약서도 안 쓰는 거 보고 심상치 않은 건 알았는데 진짜 해도해도 너무하네요.. 조금 심하게 갈굼도 당했는데 당일에 그만둔다고 통보해도 될까요?,2025-01-26
오산 수목원로 88번길 33가수동 3층 식자재 물류,식자재 물류 인데 냉동도 들어가나요?오산 삼성웰스토리라고 하던데냉장 냉동 왔다갔다 한다고 하더라구요.여기 후기 글 몇개 봤는데 부장 이라는 사람이 욕한다고 하는데 최근에 다녀오신분 계실까요?어떤지 궁금 하네요.,2025-01-26
자바리쿠르트≪≪여기갈때는 조심하세요,일자체는 어렵지않고 급여도 괜찮은데기존 다니는 사람들의 텃세와 ㅈ목이 심합니다오래다니고 쉬다 오랜만에 갓더니새로운사람들이 고정이랍시고 텃세부리며 욕짓거리하는곳입니다가실땐 오로지 일만 집중해서 하셔여일자체는 정말좋은데 사람이별로인 곳입니다,2025-01-26
편의점 바코드 스캔,손님께서 냉동만두 고기 3개 김치 3개 사가셨는데카운터에 들고 오셔서 몇개지 하고 세보려고 하니까6개라고 말씀해주셔서 그냥 물건 하나(김치만두)를 6번찍어서 결제했습니다결제 다 끝나고 나가신 다음에 물건 채우면서3개 3개씩 사가신 걸 알게됐는데가격은 같은 제품이라서 금액 부분에선 괜찮을 것 같은데재고 관련해서 나중에 사장님께서 발주하고 할 때뭔가 문제가 있을까요.?.?,2025-01-26
첫알바 구하고 있는데 도와주세요..,증명사진을 사진첩 포트폴리오 프로필사진 중에 어디에 올려야 하나요?사진없이 40개 지원했는데 연락이 하나도 안와요 이력서가 부실해서 인가요ㅠㅠ 고등학생입니다,2025-01-26
대형 프차 카페 마감 매니저 때문에 그만 두고싶어요,"오피스 타운에 대형 1층 매장입니다 주5-3일 근무해요.. 매니저 때문에 그만두고 싶어졌는데 제가 일을 못하는 걸까요 제가 입사 두달차인데 항상 마감만 했어요계속 설거지 or 잡일 or 쓰레기 버리기만 시켜서 머신 잡을 기회가 엄청 많진 않았습니다 일하몀 화장실도 안 가고 폰도 안 보고 일하구요 그냥 성실하게 근무했습니다… 손님 가시면 바로 가져와서 설거지 하고 닦고 비워져있으면 채우고 더러우면 닦고 그런데 저는 제가 아직 손도 느리고 실수도 많으니까 머신 잡을 기회가 적은걸 납득하고 레시피도 달달달 외웠어요 그런데 같이 일하는 매니저가 제가 모든 일을 다 끝내서 할 일이 없어보이면 정말 아무 일이나 다 시키더라구요? 뭐 냉장고 닦아라 뭐 쓰레기통이 더러우니까 닦아라… 정말 허리 필 틈도 없이 7시간 근무동안 계속 일을 시킵니다. (앉을 곳 없음) 정말 힘들어도 제가 짬이 젤 낮으니까 참고 버텼어요 싫은 소리도 안 합니다. 근데 새로운 알바생이 들어와도 쓰레기, 설거지 계속 저에게만 시키고(새로운 알바생 교육한다고 저는 처음 들어왔을 때 바로 설거지랑 쓰레기만 버림) 그래도 새로운 알바생이니까 교육해야지 생각하고 그냥 일 했어요근데 이번에 제가 울컥한 일이 생겼습니다. 계속 일이 힘들어서 그만두고싶다고 생각했는데 이번엔 정말 진지하게 고민하게 되었어요 신입분과 저만 있는 상태에서(매니저는 안에 있었음) 샌드위치 주문이 많이 들어왔고 연달아서 음료도 6-7잔이 들어왔습니다. 저는 음료를 만들었고 신입분이 샌드위치를 포장했는데 샌드위치를 그냥 봉투에 넣기만 하고 내용물과 주문번호를 기억을 못 해서 샌드위치를 전부 빼서 하나하나 어떤 종류인지 확인했고 그 과정에서 주문 시간이 지체되어서 주문하신지 7-8분 정도 지났더라고요 주문 시간이 3분이 넘어가면 패드에서 주문번호가 빨간색으로 바뀌고 이게 매장에 안 좋은 평가로 이어진다고 배워서 저도 마음이 조급했습니다. 사실상 이미 샌드위치와 음료 전부 준비가 되어있었는데 완료를 누르지 않고(완료 누르면 손님이 오심) 일일이 봉투에서 꺼내서 확인하느라 지체가 되었더라구요 매니저가 뒤늦게 나와서 주문번호 시간을 보니까 많이 지체가 되어서 조금 격양된 목소리로 음료 어디있냐(이미 만들어놨음)면서 화가 나 보였습니다나중에 저에게 이런식으로 시간 지체되면 저는 그냥 계속 머신 못 잡게하고 잡다한 일만 시킬거라고 화를 내더라구요 저는 이미 머신을 잡아 본 경험도 적고 손님이 몰렸던 적도 없고 와서 그 큰 매장을 매일 닦고 쓸고 제 몸보다 큰 쓰레기 버리고(대형 매장이라 쓰레기 양이 엄청남) 항상 열심히 일했는데 그런 소리를 들으니까 정말 속상했습니다 제가 일을 너무 못하는 탓일까요…",2025-01-26
(컴포즈) 카페 알바 처음인데 레시피,"이번에 레시피 처음받았는데요g(그램), ml 어떤걸 사용해서 음료만드나요?..? 둘다 적혀있어서 만들 때 저울에서 그램따져가며 만드는건지 개량해서 ml 개량하는 건지 모르겠어요 ㅡㅡㅜ+ 프라페 150 60 20  이렇게 적혀있던데 이거 다 단위 g인거 맞죠..?",2025-01-26
알바 눈물…,빵집 홀 혼자 보는데 손님이 왕왕 많았음 ㅠㅠ근데 내 앞뒤로 알바가 다 나가서 사장님 나오시는데 나 끝나기 30분 전에 와서 30분동안 잔소리만 하심 ㅠㅜ중간에 배달이랑 손님 몰릴때 내가 포장하다가 봉지 두개중에 고민하니까 바로 가게전화로 전화해서 큰걸로 하라고… 소름…원래 이렇게 다들 계속 시시티비로 보는지도 모르것고 그때 손님이 빨리 계산해달래서 잠깐 수화기 옆에 놨는데 그때 손님이 너무 몰려서 30분뒤쯤에나 다시 전화드렸는데 오자마자 그걸로 혼나고… 버터 케이크 분명 재고 없다고 적혀있어서 안 꺼냈는데 ㅠㅠ 생크림은 다채움 ㅠㅠ 심지어 명절 직전이라 케이크도 짱짱 많이 나갔는데 ㅠ 매대 청소도 하구 철판도 닦고.. 손님오면 친절하다는 소리도 듣고 짱짱 열심히 했는데 오시자마자 저번주에 시재가 안 맞았는데 그게 내 잘못이 아니었는데 왜 제대로 확인 안하냐고 혼나고 ㅠㅠ 내가 그돈이 거기있는지 어케알아 ㅠㅠ 인수인계도 없옸고 메모에도 안 적혀있었는데 ㅠㅠ 그래두..손님 몰려서 마지막에도 15분정도 더 하고 갔는데 이제 간다니까 손님앞에서 저저번주 일 꺼내서 혼내다가 손님이 계산해달라니까내일 이야기하자는데..진짜 가기싫다…ㅠㅠ 나 이제 한달인데 ㅠㅠㅠㅠ 시시티비로 보시는 것도 무섭고..실수 하나라도 나올까봐 너무 무섭다.. 주말 최저에 주말 대타뛰어도 점심도 안주고 일시키면서…너무행…서운하댬…열심히 하는데…마지막에 명절 잘 보내세요~~이랬는데 내일 안나와? 라고 하는데서 눈물 왕왕…,2025-01-26
수습기간 중 알바 그만두는 통보,"사장님께서 수습기간(최저임금적용기간) 10일이라고 전화로 직접 안내해주셨고 1월 26일이 딱 10일째에요.근로계약서 상으로는 2월 28일까지 근무다라고 계약을 했고, 계약서 내용 중에도 퇴사 30일전에 통보해야한다고 적혀 있었어요.그런데 근로기준법에 수습기간에는 당일 통보도 괜찮다고 나와있는데 뭐가 맞는 걸까요?당장 다음주에 급하게 그만 둬야하는 개인 사정이 생겼는데 한달 더 근무를 해야하는 걸까요??",2025-01-26
신입경비교육 비용부담,경비교육 들으라고 보안업체에서 하는데보통 이런 비용은 회사측에서 부담하지 않나요?3일듣는데 10만원정도 내라하네요,2025-01-26
오상헬스케어는 아웃소싱 어디업체가 괜찮은편인가여?,???,2025-01-26
알바그만둘때,제출한서류 그냥두고들오나요?제가 다닌곳은 전에다닌분들 서류도  그대로 있거든요신분증사진찍고 등기제출하고 했었는데관둿는데 생각안하고있다가문득 등기랑 제출한게 생각나가지구여러분들도 그냥 두고오나요?,2025-01-26
수원역 987솥뚜껑 알바 후기,기본적으로 사장님이랑 점장님 다 친절하고 여기 일 할 줄알면 웬만한 고깃집 다 할만하다고 생각해요월급도 밀려서 들어오지않고 돈 계산도 깔끔하게 해주시고 다들 친절해서 일하기 좋아여,2025-01-26
이천 지그재그 가지마세요,4일째 돈 못받는중입니다.상지업체이고  공고는 이름바까 올리는듯ㅈㅇㅇㅇㅊㅋㅍㄴ 피해보지마시라구 계속 올려드립니다시비충은 가볍게 무시합니다,2025-01-26
피시방 주말 오후 어떤가요,여태까지 식당 홀서빙 2년 정도 했습니다.피시방 알바는 처음이라 좀 걱정이 되는데..100석 조금 넘는 규모의 피시방이고 음식 종류가 다양한 편이었어요. 16-23시 근무이고 초반을 제외하면 쭉 혼자 일할 것 같은데 많이 빡셀까요? 무서운 포인트가 해당 피시방이1년동안 채용공고만 211회라는 점;;어디가서 일 못한다는 소리는 안들어봤지만 주말 오후 피시방 알바는 꽤 부담스럽긴 하네요;;,2025-01-26
알바 공고 새로 올림,"이번주에 면접을 봤었고, 사장님이 다른 면접자들도 있어서 보고 연락 주신다고 했습니다. 제가 바로 출근 가능하다고 했었어서 주말 알바라 주말 전까지 연락이 안 오면 불합격 된 거라고 혼자 생각하고 있었는데요. 오늘 알바몬 들어와 보니까 그전에 올린 공고들을 다 삭제하고 새로운 공고를 어제 올렸더라고요. 원래 그 전 공고들 삭제 안하고 새로 올리면 지원완료 돼서 지원 불가하잖아요. 이런 경우에는 다들 재지원 하시나요? 전 하진 않을 거지만 궁금합니다.. 왜 면접 본 다른 사람들 중에서 뽑지 않고 새로 공고를 올렸을까요.",2025-01-25
동춘역 8분거리 원아웃소싱 화장품,여기 다녀보신분 있나요?명절끝나고가기로 했는데,2025-01-25
카페 마감 알바 실수한 음료 어떻게 하시나요??,"알바 시작한 지 딱 2개월 되었고 주말 마감입니다!알바 갈 때 마다 하루에 음료 하나 씩은 실수했고, 테이크 아웃 전문점이라 버리기 좀 그래서 몇 번은 가족들 가져다 드렸는데요!요즘 실수를 안 하다가 오늘 6잔 정도 실수가 나버렸습니다ㅎㅎ...다른 분들은 이럴 때 어떻게 하시나요?버리거나 가져가시거나 돈 주고 사시거나 중에 어떻게 하실까요...? ㅜ.ㅡ",2025-01-25
동료들 어떻게 부르시나요,"첫알바입니다 그냥 같은 알바이지만 먼저 일을 시작한분들인경우엔 ""~~씨"" 라고 부르면 되나요? 제가 성인도아직 아니고 좀 어려서 더 헷갈리네요 ~~씨 라고 부를땐 외노자같은 경우엔 어떻게 하나요?  외국어이름을 그냥 불러요 아니면 -(외국어이름)씨 라고 불러요?  다른 직원들은 그냥 외국어이름으로만 부르긴하는데 다들 나이가 있으시다보니 저도 그렇게불러도 되나싶네요",2025-01-25
다음달 되면 알바 자리 좀 나올까요?,대학생 개강 시즌되면 좀 나온다는데 그게 정확히 언제죠? 2월 중순부턴가?,2025-01-25
제이잡안성파스토,안성파스토나갔는데공고에는 근무종료 후 당일 열시내에들어온다고되어있던데토요일에는 지급이안되는건지 아시는분,2025-01-25
피자집 피자 롤러기,알바 처음하는 학생인데 피자 롤러기에 손이 들어갈까봐 너무 무서워요ㅠㅜ 피자 롤러기 손 끼임 사고 흔한가요??ㅠㅠ,2025-01-25
오산 신세ㄱ푸ㄷ or군포 네ㅇㅂ물류. 중 초보가 어디가 나을까요?,식품생산식이나 물류센터나. 모두 처음입니다푸드는 김밥 케익등 라인작업 11만 군포쪽은 피킹? 패킹? 검사? 8.4천원둘다 확정문자 받았는데 중간 2일정도가 겹쳐서 어디를 가야 할지 고민이되네요. (미리 못간다고 말해야 다른 분이라도 갈수 있을꺼 같아서요)아니면 차라리 쿠팡이나 마켓컬리로 알아보는게 나을까요?처음 해보는 업무다보니 경험해보신분들  조언 좀 부탁드릴께요.,2025-01-25
개인카페 마감,"개인카페 주말 마감 어때요? 카페무경력이라 걱정되네요 ,,",2025-01-25
카페알바 텃새,카페..알바그동안경력이있어도이런 사람 첨봐요새로운곳들어갔는데특별한 무엇도 없는데 사람잡고 보내요????수습기간에아무것도 할수없게하고 설겆이만시키네요물어보면 확인받으려하면 종일욕만계속????질문도 씹어요ㅋㅋㅋ 우와 오늘무슨일이 있던거지? 했어요고인물에 썩은물이있었네요!!참을까싶었지만 계속부딫일 사람이고사회경험많이 하다보니 뻔한미래가보이기에여태잘다니다  텃새만나고 당장 그만뒀어요?나이도 저보다 어린데사람괴롭혀놓고 그날아프고힘들었다..거짓말을..후환이 두렵지도 않나봐요ㅎㅎㅎ세상은 좁은데 말이예요ㅎ,2025-01-25
쿠팡 물류 정규직 ㅎㅎ,공채로 시험봐서 드러간거도 아니고 잡채도 아니고회장 아들이나 사장아들도 아니고 투자 지분이 있는거도아니고  오래 일한다고 좋은곳에서 스카웃하는 거도아니고  바지 사장일 뿐인데  추리닝  내복 사장도아니거 바지 사장 일뿐인데  가만히 입다물고일하면 중간은 가는데  내가 어떡해 여기 까지 왔는데ㅎㅎㅎ 이지랄 하는 놈년들 가끔씩음  개병신임 ㅎ고교자퇴내고 알바하는 주유소 롯데리아 알바 랑 같은레벨인데 ㅎ  족밥개병신인데 ㅎㅎ 머리도 되는줄암ㅎ핵심은 한살이라도 어릴때 제테크 하는게 성공하는거임 ㅎ인맥시회라 하는데 내가 족밥개병신이면 친구고 여자고 좃이고 없어여 다가오는건 사기꾼 뿐임 ㅎㅎㅎ너무 인맥믿지 마세여 ㅎ물류다니면서 법대나왔다고 자랑하는놈들 있음 ㅎ대학나와서 상위8프로 안에 못드러가면 초졸중퇴랑 같은 레벨임 ㅎㅎ  개그코너 이런거 만들면 대박날듯 ㅎㅎㅎ,2025-01-25
화성컴퍼니 노쇼 해보신분 ㅎㅎㅎ,화성 놈들이 머라구 하던가여 ㅎ아구창 마져야 할 놈들임  ㄹㅇ,2025-01-25
해고예고수당 궁금합니다,"카페에서 4개월 근무했고 경영난 이유로 가게 문을 닫게 되었습니다. 사장님은 당장 다음주까지만 운영하시겠다고 하시고 저희에게는 이해를 바라시며 다른 일자리를 알아보라고 하셨습니다. 가게 사정은 폐업이라기 보다는 건물이 사장님 것이고 1,2층을 사장님이 카페로 운영하고 계셨는데 2층을 상가를 들이시고 1층만 카페를 운영하실지를 고려중이며 당장 2층 공사가 다음주부터라서 저희에게 통보를 하신 것 입니다. 이런 경우에 해고예고수당을 받을 수 있을까요?",2025-01-25
쿠팡이나 컬리 일용직 근무하시는분들,명절에 .5배 추가로 받고 일하시는지 궁금해요,2025-01-25
중국집서빙,손님많은곳인데 중국집은 첨이라서 메뉴도 잘 몰라 더 걱정인데어떤점이 어렵나요? 서빙경력은 많은데일이야뭔들힘들겠다만 중국집 서빙 경험있으신분들은 어떠셨는지,2025-01-25
농축산하는데 솔직히 팀원들 잘만나야한다,이건 뭐 거의 10을 알려주면 2밖에 모르고그냥 팀분위기 족창내고ㅋ 얼굴에 개짜증나는거 티 팍팍냄누구는 쉬지도않고 일하고 밥도못먹고 일하는뎁남이사 그러든날든 신경 1도안쓰고 ㅋㅋㅋㅋ,2025-01-25
온누리 농축산 팀장 하지마라,오늘 안내하다가 목 다쉬고 불친절하다 소리 들음ㅋㅋ 지들이 똑같은말 하루에 300번넘게 해봐라친절하게 할수있나,2025-01-25
뽀로로파크,뽀로로파크에서 일해보신분 있나요? ㅜㅜ 근무 환경 어떤가요..?,2025-01-25
농축산 개핼인거 ㅇㅈ?!,농축산 개핼인거 게에바쎄빠 참치인거 ㅇㅈ ?,2025-01-25
편의점 알바하는데 발목 골절...,목발 짚고 다닐 수는 있다만 그만 두는게 점장님께도 예의겠죠...,2025-01-25
낼 쿠팡 확정받으신분,낼 쿠팡확정 받으시분 있을까요?동탄이요,2025-01-25
양지 올영갈까,티오나올려나어린애들아 직장 들어가라올영은 내가 갈게~,2025-01-25
와 농축산 개 헬이네 진짜 ㅋㅋㅋ,거짓말안하고 슈바가 점심시간 30분만 하고 오래서30분하고 잠깐잠깐 10분 씩 쉬엇음 와 이거맞나,2025-01-25
이번명절에 할수있는 알바 추천좀 해줘요,명절에도 돈벌어야해서,2025-01-25
온누리 농축산 알바 개 짜증나네 진짜 ㅋㅋ,사람 쉴새없이 밀려오고팀장 잘못만나서 하루에 한번도 못쉼그냥 어디짱박혀잇다 나오질않나아 슈바 잘못만남 개짜증남 ㅠ어카냐 ㅠ 하,2025-01-25
은행사거리 ㅍㅋㅇㄷㅇ 알바,"처음 가게 오픈하시는 부부사장님이셨는데 면접때 실습 의향 있냐고 실습 하는 시간도 시급에 포함된다고 하셔서 당연히 있다고 했음 실습 끝나고 여사장님께서 레시피 외워야되니 사진 찍어서 가라하시고 머리망 준비해서 오라고 하심 앞으로 잘해보자며 추가 실습 날짜를 당일 저녁에 알려주시겠다고 문자로 주민등록번호,이름,계좌 보내달라고 하셔서 보냈음 12월 말에 있었던 일인데 아직 답도 없고 시급도 안 주심 근데 채용공고는 계속 올라왔었음 시급은 그냥 봉사했다고 생각하는데 아무리 가게 오픈이 처음이라고 해도 알바를 안 쓰게 되었으면 최소한 문자 줘야하는게 기본 아닌가?",2025-01-25
온라인 티켓팅 대리 예약알바 예스워치에서 근무해보신분 있나요??,알바몬에 줄서기라고 치면나오는 업체욤 이거 급여는 제대로 주나요?,2025-01-25
1월8일부터 지금까지 이력서 지원 9개는 넘게 넣었는데,2곳 빼고 다 열람을 안하네..ㅠ 언제 일 구할수 있는지ㅠㅠ,2025-01-25
주말에 문자지원해도 되나요..,되나..,2025-01-25
예식장 단기,내일은 없다고 봐야할까요? 오늘은 못 갔고 내일 있는 거 가려고 했는데 안 보이네요 ㅠ,2025-01-25
이천지그재그 가지마세요,4일째 돈 못받는중입니다.상지업체이고  공고는 이름바까 올리는듯ㅈㅇㅇㅇㅊㅋㅍㄴ 피해보지마시라구 계속 올려드립니다시비충은 가볍게 무시합니다,2025-01-25
동탄쿠팡 업무내용 바뀌면 교육,동탄쿠팡 한달가량 일용직 출고업무 진행했는데같은센터에서 입고나 허브로 업무 바꾸면 신규교육 다시 들어야 되나요?,2025-01-25
금정역 자바리쿠르트 질문합니다,내일 일요일에 백암? 물류센터 출근 문자 보냈는데 되서 1시까지 나오라했는데 알바몬 공고에 통근버스라고 적혀있긴한데 검색해서 보니까 직업소개소던데 혹시나 자차없으면 힘들려나요?..,2025-01-25
수입차 전시장 단기 하루알바 해보신분?,아니 일도 안시키고 계속 탕비실에서 쉬기만 하는데 이게 맞는건가?,2025-01-25
평택컬리 티오,전에는 확정 잘줬더니요즘에는 확정문자를 잘안주는거 같음차라리 쿠팡이나 가야될려나요,2025-01-25
최저시급이라도 설연휴에 일할곳 읍나요??,"주휴 이딴거 필요없고 그냥 시간당 최저시급딱 맞춰서 일할곳 찾고싶다.. ㅜㅜ일요일부터 목요일까지 놀려니 몸이 쑤셔서 먼가 하고 싶은데모집글은 쿠팡 , 컬리 두군데밖에 없는데 문제는 출근문자도 안오고돈이 급하고 없는건 아닌데 본집가도 딱히 할께 없어서리대리운전 그딴건 안함",2025-01-25
여친이랑 하루만바꾸고싶다,ㄹㅇ 여친집에 집사님도있고기사님도있고화목하고 개부러움내가 돈없는거알고나를 왜좋아하는지모르겠다전생의 나라구하다뒤진거맞긴한것같은데왜난거지일까ㅜㅜ하루만  부자체험들가자^~^,2025-01-25
알바 월급제가 가능한가요??,주휴수당 안주려고꼼수부리는건 알겟는데월급제로 하기로 동의해서 계약하면나중에 최저시급+주휴수당을계산한 금액보다적어도 문제가 안되는건지 궁금합니다물론 월급이 최저시급보다는 많은대살짝많은정도고 원래 최저시급+주휴에 비하면 한참 모자란 금액인데이런꼼수가 법적문제가 없나요?,2025-01-25
쿠팡핳바엔 편의점이 낫지않나요?,물론 야간수당이 있긴하고공휴일은 특근수당이 있으니공휴일에 하는건 급전땡기기 좋으니 이해허겟는데평일은....똑같은 최저시급에노동강도가 천지차이인데쿠팡 꾸준히할바엔똑같은 최저시급받는 편의점이 훨씬낫지않나요??물론 쿠팡도 신호수같은 꿀자리가 없는건 아니지만꿀자리는 경쟁이 빡세서 요즘 확정잡기가 하늘의별따기고최근 쿠팡에서 파트 여러개해보니까이거할바엔 편의점이 백배 낫겟다는 생각이들더군요특히 허브나 그에준하는 소분(제가 갔던곳은소분이 상하차급이었습니다... 쉬지않고 무거운 음료수박스를레일에 4시간 풀로올룟습니다)밤새하는 야간조를 뛰어서 전부 야근수당받는게 아닌이상노동강도차이가 넘사네요...,2025-01-25
카페 무경력,오늘 면접보고 왔는데 카페 무경력임에도 인상이 너무 좋다며 같이 일하고싶다고까지 하셨는데 면접자 2-3명정도 있다고 하셔서 다 보시고 연락 주신다고 하셨거든요? 붙을 수 있을까용 ㅜ 근디 붙더라도 카페는 처음이라 하다가 짤리진 않겟죵 ..? ㅜ,2025-01-25
야쿠르트 윌 훔쳐먹다 짤린 사람 발생,"120~150명 정도 함께 쓰는 휴게실인데. 여기에 야쿠르트 제품 정기배송 이용 하는 직원들이 있단말이야. 언제부턴가 자꾸 윌이 하나씩 없어져서 소란이 생기기 시작함.보는 눈이 얼마나 많은데 간도 크지.그러다 결국 쉬는시간 종 치자마자 젤 먼저 달려와서 훔쳐먹은 외국인 여자애가 딱 걸림. 사무실에 보고가 되고 면담하더니 당일 퇴사당했지 뭐.근데 팔은 안으로 굽는다고. 그걸 보고는 먹고 싶음 집에서 시켜먹지 왜 회사에서 시켜먹어가지고 이런 일을 만드냐 이러더라.그래서 내가 피해자를 문제 삼아버리면 어떡하냐?뭐 갖고 오는게 문제면 앞으로 무서워서 휴게실에 가방도, 핸드폰도 못 놔두고 다니겠다? 이러니까 암말도 안함.우리나라는 어느나라랑 달리 카페에다 핸드폰이며 노트북 놔두고 다녀도 안전한 나라라고~",2025-01-25
제가 쿠팡 처음가는건 아닌데,쿠팡 처음가는건 아닌데 하는법이 가물가물 하면 처음 오셨냐고 할때 손을 들어야 될까요 실수 할까봐서요 아님 그냥 하다가 물어 봐야될까요,2025-01-25
월급 받을수있을까요,작년 12월 중순에 들어가서 주방일을 했습니다 12월꺼는 받았고 1월부터 일하다가 오늘 그만뒀는데 다른 주방직원들이 어제 그만 뒀거든요 근데 점장이 그분들 월급을 안준다고 하길래 혻시나 저도 못받을까 걱정되어 글 올립니다 일단 전 그만 둔 이유가 점장이 헤드셰프인데 어제 취해서 손님이랑 싸웠거든요 그거 뿐만 아니라 제가 음식설명 하다가 살짝 말을 더듬었는데 언어장애야? 라고 하시기도 했고 그런말 들으면서 일하는건 좀 무리일거같다 싶어서 그만둔건데 월급 못받으면 어떡하죠?,2025-01-25
보드게임카페 알바 해보신 분들!!,광역시 시내 ㄹㄷㅂㅌ보드게임 카페 주말 미들 시간대면 많이 힘들까요?? 사람많은걸로 아는데 어느정도 힘드나요,2025-01-25
일하라고 해놓고 같은시간대 알바뽑는건 뭘까요??,편의점 알바인데면접보고나서 다른사람뽑아서 연락도없다가2주뒤에 그사람이 재껴서빵꾸나니까 급한지 일하라고 문자가 오내요그래서 나가서 일하는데구인사이트를 보니까제 시간대 근무자를 계속며칠동안 구하는 구인을이2시간마다 올라오는데이건 그냥 언제든 바꾸겟다는 뜻일까요???다른곳 하다가 조건이좋아서 그만두고 옮긴건데.... 급한대오 설 연휴일시켜놓고  근무자 새로뽑을 생각인가 의심이....,2025-01-25
편의점 알바 초보인데 질문이요,어제 오전에 편의점 면접 본 곳이 있어요. 어제 오후에 그 곳에서 문자로 교육 일정까지 잡았단 말이죠? 근데 오늘 아침에 보니까 그 편의점에서 제가 지원한 시간대로 알바 채용 공고가 다시 올라왔더라고요. 제가 아직 채용 확정이 된게 아니라서 공고를 올린거겠죠? 다른 사람 뽑았으니 교육 안와도 된다는 문자 같은 건 못 받았어요.  저 안뽑는건 아니겠죠? 뭔가 심란하네요. 안 뽑힐거 각오하고 있어야하는지 여쭤봅니다.,2025-01-25
아웃백 교육받으러 갈 때 알바비 받나요?,내용은 위와 같습니다.아웃백 교육 받을 때의 시간들도 알바비로 책정하나요?,2025-01-25
이상한 면접..,"사무보조 알바를 지원해서 면접을 보러 갔다오게 되었는데 가기 전 회사 사이트 검색하니 아무것도 안나와서 약간 찜찜한 상태로 여의도에 한 건물에서 보기로 함 그런데 미팅중이라 스벅에서 기다려달라고 해서 ㅇㅋ 함 끝나자마자 전화로 여기자리로 와달라고 해서 감면접 1시간동안 물도 한 잔 안주고 자기만 마심..흠 뭐 그럴수도 있지라고 생각하고 면접 진행함이런저런 형식적인 질문들을 하다가 내가 왜 공고에 나와있는 회사주소랑 여기 주소랑 다르냐고 물어보니 이전을 했는데 아직 못 고쳤다 알려줘서 고맙다라고 함  또 이런저런 얘기를 하다 자기 회사 대표님은 알바라도 이런저런 일이 생겨 인성을 좀 보는게 좋은 것 같다며 자기네 같은 건물에 있는 인적성검사 회사 대표랑 친해져 교통비대신 공짜로 회사면접겸 참여해보라고 함혹시나 불이익이 있을까봐 하겠다고 함말했던 그 대표라는 사람이 오고 면접관은 잠시 나감설명해주면서 아직 신생회사라 경쟁회사가 많아서 다른 곳에 발설하지 말아달라고 부탁하고 검사를 실시함그냥 무난한 내용들이었음몇개 체크했던 것 중 문신이나 피어싱 할 생각 있다랑 종교나 정치적인 얘기를 주위에 한다(?)를 집어 물어봄뭐 회사에선 이런 걸 좀 볼수도 있으니까 내 생각을 말함여차저차해서 질문들이 끝나고 결과는 추후 웹발신으로 문자가 가는데 그 상담사 통해서 날짜 잡고 결과 들으면 된다고 함 ㅇㅋ하고 헤어짐 그리고 집에 와서 다시 회사를 찾아보니 똑같이 공홈도 아예 안나오고 뭔가 찜찜함을 지울 수 없어서 알바 인적성검사를 인터넷에 검색함사이비 중에 알바몬 기업 인증도 받은 곳인데 나랑 비슷한 케이스들이 좀 이었음 그때부터 의심되는 것들이 하나씩 하나씩 꼬리를 물고… 점차 커져감 말하지 않은 것 이외에도 있음결과적으로 나는 검사 결과 면대면 날짜에 미리 얘기하고 나가지 않음썰들을 보면 홍대,가디,구디,신촌이 많다고 했는데 여의도라고 아닌것도 아니었고 알바몬 인증을 받았다고 해서 사이비가 아닌 것도 아님을 알게됨 알바몬에 사무보조 알바 중 이런게 많다고 하니 다들 조심하시길…",2025-01-25
히키하는 사람들은,그만큼 돈이 많은거임?,2025-01-25
경력없는데 사무직일할수있을까요,매일 서빙 주방 설거지 일이나 쿠팡알바만 하다가 처음으로 사무직일을 하고싶은데 할수있는거라고 영어 중급회화능력이뿐인데 사무직일할수있을까싶네요,2025-01-25
백수경력이 늘어나는 만큼 두려움도 커지네요.,대학 졸업하고 마땅히 하는 일 없이 20후반인데 막상 일 구해보려니 경력없는 20후반이 잘 할수 있을까 걱정이 앞서는데 여기서 더 나이먹고 30대로 간다 생각하니 지금보다 답 없을 것 같다 생각이 들어 두렵네요.,2025-01-25
잘할수 있을까요...,부끄럽지만 대학졸업후 공시 준비하다가 히키생활했습니다.어영부영 세월 다 보내고 30대 중반 되서야 이대로 살면 안되겠다는 생각이 들어서편의점 아르바이트 구했어요. 대학 다닐 때 근로장학생으로 도서관에서 일 조금해본 것 이외엔 경험해본 일이 없어요...편의점 알바 누구나 다 할수 있다고 하는데실수하고 돈계산 잘못할까봐 너무 걱정되다못해 두려운 마음이 들어요.솔직히 스스로가 너무 한심하고 비참하네요...이런 저도 잘 할 수 있을까요?,2025-01-25
쿠팡확정요즘잘준나요?,쿠팡 확정 요즘 잘준나요?,2025-01-25
주6일 근무사업장인데 5일근무해서 주휴를 안줄수있나요?,4시간 근무 5일동안 일해서 주 20시간인데자기 사업장은 6일 근무라 6일 근무 안 하면주휴 못 준다는데 이게 맞나요..??잘 몰라서..;;,2025-01-25
아웃소싱들 허위광고같은거 하는거임?,미끼광고 진짜 너무한거 아니냐 허가도안받고 그때그때 이름 갈아치우는 아웃소싱인건 아는데그래도 이건 너무한거 아니냐 맨날 3~4개씩 공고 묶어서 길게 올려놓고서는 연락해달라며 사무실 사람 여러명 전화 올려놓고 막상 연락하면 그자리 이미없음 ㅇㅇ 알잔슴 요즘 시기가 시기인거하면서 자꾸 관심없는 다른데에다가 아무튼 한번 해보시죠하고 꽂아넣으려고함  거긴 조건이 안좋아서 아 거긴 안가요하고 전화 끊었는데 또 전화가 옴 그래놓고선 다음날엔 어제 자리없다고 말한 회사꺼를 공고에 넣어서 또올림신xxx너에서 올린 공고도 있던데 보니까 연락처가 다 똑같음해xxx너 너무한다 진짜,2025-01-25
설연휴 3일 유급휴일?,시급제 알바며 매월 0일날 급여를 지급받는 월급제..?기도 합니다. 수습기간이고 들어온지 한달도 안됐는데 설연휴에 대한 유급휴일/시급 1.5배를 주장해도 될까요….? 사실상 거의 꿀알바에 시급도 12000이라서 주장해도 될지 모르겠습니다 민폐일까요,2025-01-25
생명보험협회 감독 알바,"공고 올라올 때마다 하고 싶어서 지원하는데, 연락 한 번 안 오네요.혹시 어케 해야 붙는지 아시는 분? ㅠ",2025-01-25
ㅋㅍ 부천 프레시센터 확정을 밤12시에 줬음,에휴안믿기게도확정연락(문자)이 진짜 오긴왔는데오후 5시쯤 신청한거 5시간만에 온거라이걸 새벽 6시쯤 발견했지만 졸려갖고 '아이거뭐지' 하고 문자를 봐도 내용이 눈에 안들어와서 도로 잠들음>> 못가서 통수친게됨,2025-01-25
명학역 진단 키트,"요즘 다시 뽑는중인 거 같은데,최근에 일해본 사람.1.진단키트 아직도 만드는 거 맞아?? 2.10분 전에 출석부르고 분홍색옷? 노란색옷?입은 분들도 계셔? 아직도 그 분들이 소리지르시고,조금 늦으면 비교하겠지??(내가 혼나는 건 아니지만,눈치보이더라고)3.후기보면 밥 안준다고 하던데,맞음?? 예전에는 급식마냥 밥 준거 같은데.",2025-01-25
이건 최저시급도 안 나오지 않나?,배달도 아니고 가서 교체하는 시간도 있는데 단가가 저게 맞음?ㅋㅋ 저거 지원하는 호구는 없겠지?,2025-01-25
동춘역 씨드에이치알 화장품 관련,믿고 거를만한 곳인가요??,2025-01-25
근무후기 작성했는데 사장이 숨김 처리해버렸네 ^^,근무후기 내가 쓴거 내 지원내역이랑 겹쳐서 누군지 알 수 있나? 근무후기 팩트로만 안좋은거 썼더니 취소/거절 사유로 사장이 숨김 처리 됐다네 ^^팩트만 썼는데 왜 숨김 처리하지? 부끄러운지도 모르고,2025-01-25
아이큐 77이면 장애인 수준인가요..?,옛날에 검사하고 지적장애는 아니었는데 80도 초등학생 수준이라고 취업 못한다고 알바도 잘린다고 하네요ㅠ 저도 알바 하루 하다 잘린적 많고주 5일 5시간 계약직에 주말 파트타임 알바만 하고 있네요,2025-01-25
면접후 불합격 통보..ㅜㅜ,"목요일 오전에 면접보고 금요일까지 연락 준다고했는데..불합격통보받음.면접 분위기는 그냥저냥 괜찮았지만,면접때 이 말듣고 좀 기분이 그랬는데, 그게 뭐냐면..'우리가 1명 채용예정인데, 교육후 힘들다고 그만두면 회사도 시간낭비라 2명을 뽑고 일정기간 교육후 1명만 채용할 예정인데, 괜찮냐..'라는 말이었어.그래서 나는..회사입장에서는 이해 가지만, 난 상처일것같다.  라고했는데,결국 불합격됐네.그래도 언제 연락오나 오매불망 기다리는것보다 연락해주니 맘은 편하다.언제 일할 수 있으려나...ㅜㅜ",2025-01-25
부천 ㅎㅇㅂ팩토리 절대 가지마세요,여기 작업반장 완전 ㅁㅊㄴ임 일하면서 이런 인간 처음 봄. 누가 실수했는지 알지도 못하면서 아무나 붙잡고 뭐라함. 걍 이여자 눈에 띠면 안됨. 뭐 하나 실수하면 작업중이던 제품 집어던지고 노려보며 씩씩대고 뭐 물어보면 인상쓰면서 화내고 안물어보면 소리지르고 화냄. 알바들 다 왜 이모양이냐고 무시하고 돌아다니며 혼자 우월감에 젖어있음 아무리 관리자라지만 이런 여자 방치하는 회사도 제정신인가 싶음. 회사입장에서는 이 여자가 사내 군기도 잡고 직원관리 잘해서 업무도 효율적으로 돌아간다고 생각하는 것 같은데 이여자 때문에 알바 계속 바뀌는 건 알까??? 거짓말 1도 안 치고 하루 일하고 정신병 걸린것같음빛좋은개살구라고 이런 데서 일용직들한테 갑질하면서 자기 자존감 채우려는 불쌍한 인생 같아서 그냥 넘어가려다가 지도 뭐 의식했는지 노동청에 신고하든 말든 알아서 하라길래 갑질 폭언으로 신고해드림,2025-01-25
이천 지그재그 가지마세여,4일째 돈 못받는중입니다.상지업체이고  공고는 이름바까 올리는듯ㅈㅇㅇㅇㅊㅋㅍㄴ 피해보지마시라구 계속 올려드립니다시비충은 가볍게 무시합니다,2025-01-25
설연휴에 일하면 1.5배인가요 ?,다음주 월요일부터 2달정도 단기알바 할 예정인데요 .. 바빠서 설연휴부터 쭉 일한다고 하더라구요 토일까지요 .. 단기알바로 들어가는건데 설연휴에 근무하면 1.5배인가요 ? 오전 9시에서 오후 9시까지 일해요 생산직이구요,2025-01-25
피해라 알려주께,"잘들어라 남의뒷다마 조아하는 사람치곤 제대로 된사람없다회사뒷다마랑은 다른문제일이랑 상관없이 그사람 개인적인거로 걸고 넘어지면서넘겨집고 그걸 다른사람에게 얘기하고 과장시키고 사실이란 증거도 없는데 궁예질하면서 지생각을 남한테 얘기하면서 진짜인척그러면서 자기가 조심해야될사람을 찾아냈다는 희열을 느끼고자기를 제외시키는 진짜 그런 미친년이 있더라고핑크색 후드티에 꽉끼는 짧은검은패딩 파마단발머리아줌마 쓸데없이 아이샤도우 떡칠하고 다니는년보아하니 모쏠같음 남자밝히더라고 관리자 남자들 얼굴 평가하고 그러더라 거울이나 보고 말하던가어디 ㅋㅍ에서 이년을 보면 피해이년이 하는말도 믿지말고 대답도 하지마지맘에 안들면 쓸데없는 이상한 질문하고 그걸로사람 넘겨집고 이상하게 혼자생각한거다른사람한테 얘기하고 다니는년이니까정병임4,14,23",2025-01-25
동탄 cj 야간 1층거르세요,인력업체들도 다 ㅆㄹㄱ 애먼 노동자들만 호구에요 ㅠ 일도 들쑥날쑥 필요인원도 정확치언코 텃세 분위기 ㅊ악 알바들이 더 텃세심하고요 강압적인분위기도 한몫 차라리 쿠팡가세요임금도 이거저것다떼가고 최저로 줍니다 ㅠ 일은 어딜가나 똑같다생각해요 근데 돈차이가 심합니다 돈벌러가는건데 ㅠ여러군데 다니기를추천 결론은 돈걱정별로 없음 하루이틀 가시고 아니면 좋은직장구하세요,2025-01-25
지금 하고 있는 알바 평가부탁드립니다.,"25살 남자임 5개월째 하고 있는 알바인데 어떤가요?GS25평일 5일시급 10300원 / 주휴 4대보험 다 있음오후 4시 ~ 오후 11시 근무(중간에 휴식 30분 있는데 이것도 급여로 쳐줌)점장님 재량으로 쉬는 시간에 편의점 도시락이나 김밥먹고 싶은거 폐기 찍고 식사 가능, 물 1.25L 제공.점장님부터 해서 5시간 동안 같이 근무하는 사람들 다 착하고 좋음고정 진상 1~2명 말고 없고 편의점 알바로써 할 수 있는 일을 다한다고 보면 됨. (청소, 카운터, 물류, 담배 재고조사, 라면 채우기 등)왕복 1시간 ~ 1시간 20분 감사합니다 하고 계속 다녀야 하는 부분?",2025-01-25
오산 오후 투잡 괜찮은거있나요,직장끝나고갈려구요,2025-01-25
동춘역 씨드에이치알 화장품 포장,다음주에 하기로 했는데 손이 좀 느리면 힘들까요?텃세는 어떤가요..? 직원분들 어떠신지 궁금해요,2025-01-25
좀 늦게 써보는 인천 생산직 후기,주안국가산단역에 있는자동차부품 생산하는 중견기업 이었는데요진짜 헬입니다반년 정도 흐르고 작성하는 글입니다처음 입사할때 면접볼때시간 설명 듣는데쉬는 시간 자체는 여타 일반 공장들과 같았습니다 두시간하고 10분쉬고 ㅇㅇ근데..중요한건 근무 타임 이었습니다2교대 주야. 주마다 일요일은 쉬고 토요일 특근은 선택이라 해서 공고에서 봤는데토요일 일요일 출근이 필수 라는겁니다.그래서 휴일은 없나요? 했더니주간7일하고 야간6일하면 하루 쉰다 이러는거에요..13일 연짝 근무하고 하루 쉬고 또 13일 연짝 근무하는거죠돈이야 많이 벌겠지만저건 너무 심하지 않나 ㅋㅋㅋ법에 걸리니까 근무 출석체크도 수기로 작성 했었습니다일 자체도 굉장히 힘들었어요라인 타는건데한명이라도 공정 밀리면 전체가 밀리는 ㅋㅋㅋㅋㅋ라인 속도도 굉장히 빨라서 진짜 옆에서 누가 칼들고 협박이라도 하는 상황마냥 빠르게 움직여야 합니다.일주일만에 손가락 피부 벗겨지고 물집 잡혀서 때려쳤네요단기간에 돈 빡세게 벌고 싶으신 분은 가보시길..중견이라 찾기 쉬울겁니다,2025-01-25
ㅁㄱ 선배림덜~,근처에 ㅁㄱ커피 오픈 직원 공고봐서 유튜브로 ㅁㄱ커피 오픈영상 보는데 카페브랜드 중에 ㅁㄱ 많이 빡센가여..? 누가 카페계의 해병대라길래? 음료 종류가 많아서 그런건가여? 아님 레시피가 복잡해서…???,2025-01-25
오늘부터 9일연휴라 쿠팡일용직 갈까하는데,경쟁률 쎈가요?? 여기글보면 쿠팡도 일하기 쉽진 않은듯해서요.,2025-01-25
20살 요즘 알바 왜 안구해짐…,경력 많고 자격증 많고 일 잘할 수 있는데 이력서만 수십개 넣었는데 고딩때 알바 구한것보다 훨씬 안구해짐.. 도와주세요 제발 ㅡㅡ 너무 일 하고 싶습니다.,2025-01-25
성남 ㄷㅇ 알바 사람 뽑는 거 맞나요?,계속 공고가 올라와있어서 그만큼 사람들이 나가는 건가 싶네요. 혹시 해보신 분 계시나요? 의료기기 맞습니다.,2025-01-25
위치커머스 다녀보신 분 계세요?,TM 업무 어떤가요?? 1년 근속하신 분도 많이 있나요?,2025-01-25
헤드헌팅업체에 이력서만 쓰러갔는데 주민등록증복사,제목처럼 이력서만 작성하러 헤드헌팅 업체에 방문했는데 채용전인데도 주민등록증 복사한다고 가져가더라구요채용 후도 아니고 채용이 안될지도 모르는데 왜 필요할까요?개인정보 다른데 노출될까봐 찜찜하네요...,2025-01-25
사장님 녹취 증거,근로계약서를 작성하다 휴게1시간이 포함된다는걸 봄근데 우리 카페는 전직원이 휴게시간을 가지지 않음난 휴게시간을 원했고 직원들은 휴계시간 없는걸 좋아해서 8시간 쭉 근무했다는게 녹음이 됨그리고 내가 휴게시간을 요구하자 자르심나한테 해고를 한 뒤 근로계약서에 서명을 요구하시길래 거부함이거 휴계시간 미부여 증거가 될까요?나중에 근로계약서 안쓴거랑 해서 3자대면 할 것 같은데 cctv확보해달라 해도 안보여 주시겠죠?,2025-01-25
카페 알바 커뮤에서 겁 엄청 주길래 긴장했는데,생각보다 매니저 좋은 분 걸리신 듯요제가 진짜 잘하는 건진 모르겠는데 계속 칭찬해 주시고 케이크 딸기 떨어뜨리는 실수 했는데 괜찮다면서 오히려 나중에 알바 선배님이랑 저한테 그 케이크 먹으라고 나눠주시고.. 저녁으로 브런치용 닭가슴살 구워주시고..첫 알바긴 한데 청소 설거지조차도 재밌고 카페 알바 자체가 재밌어서 빨리 알바 가고 싶단 생각마저 듭니당..,2025-01-25
급여계산 요청드립니다.,"제가 계산해봤는데 입금된 급여명세서랑 달라서 제 계산이 맞는지 확인 부탁드립니다.하루 7시간 고용보험0.9%+세금3.3% 근무 기간: 이번주(수) ~ 다음주(금) 이 근무기간입니다.1주차 수~금 = 10,030x3x7+주휴수당(42,126)=252,7562주차 월~금= 10,030x5x7+주휴수당(70,210)=421,260합쳐서 674,016원 (3.3% 2.3만원, 0.9% 6천원)674016-23000-6000=645,016원 나오는데 계산법이 맞나요?제가 받은 급여는 560,000원인데 10만원 차이나는 건 좀.. 이상해서요.",2025-01-25
근무시간에 자주 자리 비우는 애 어때?,알바하는데 같이 일하는 애가 화장실 간다고 하루 3번은 자리 비우고 갈때마다 폰 들고 가고 가면 10분 있다가 오고 그러다가 쉬는 시간 끝나고 30분이 지나도 안 나오고 손님이 많고 바빠서 불렀는데 지 개인업무 본다고 통화하고 안 나오더라아니 개인업무든 사장님이 시켜서 뭘 하든지는 모르지만 그런 모습을 보니 애가 내가 만만한가 싶더라나랑 일하는 요일내내 저래 화장실 자주가서 자리 기본 10분이상 비우고 일하다가 문제 생기면 부르려고 해도 전화도 안 받지그럼 나는 속 터지지걘 심지어 오래 일한 애라 괜히 나만 이상한 애 될까봐 말도 못해근데 본인 일은 다하고 가는데 문제는 걔가 자리 계속 비우니까내 업무를 제대로 못해서 문제야,2025-01-25
이천 지그재그 가지마세요,3일째 돈 못받는중입니다.상지업체이고  공고는 이름바까 올리는듯ㅈㅇㅇㅇㅊㅋㅍㄴ 피해보지마시라구 계속 올려드립니다시비충은 가볍게 무시합니다,2025-01-24
아웃소싱 서류연락,오늘 매장판매직 공고에 지원했는데 아웃소싱 통해서 채용하는 곳인거 같더라구요 근데 이제 주말이고.. 연휴인데 열람도 안하겠죠? 빠르면 금요일 늦으면 2월 첫째주 되어야 확인하고 연락오려나요??,2025-01-24
취업이랑 나라정세랑 관계가…,있나요? ㅋㅋㅋㅋ매년 어렵다는데 올해가 최고조…느껴지시나요? 작년보다 공고가 더업네요 매년 업엇지만…다들 어떻게 생각하세요??,2025-01-24
지그재그 안올리려고 했는데  난 말도 못걸고 장난도 못치냐.......,혹시 내 얼굴이  부담스럽게 생겼나고 계속 물어봤다 지가 먼저 인사해놓고  친해지고 싶어서 장난치는건데 난 오래다닌편 이지만 얼마안된 사람들은 고만고만 한사람들 끼리도 사내연애하고 수다떨고 그러던데 내가 왜 나이또래든 동성이든 이성이든 말을 안걸라고 하는줄 아냐 지그재그만 갔다오면 자존감이 평소 엄청 높은 나인데 자존감 자신감 바닥나게 만들더라  솔직히 난 평소 슬리퍼 크록스 신고 다니는데 신발은 일할때만 어쩔수 없이 신고 키높이 신더라도 깔창은 안깐다 나도 예전엔 높은거 신거나 깔창 끼고 다녔음 남자들은 거의 다 깔창 까는거 전국민이 아니까 모델 아닌이상 연예인들은 키 속이는데 나보다 작은사람들 비슷한사람들도  다 사내연애 하더라 ㅋㅋㅋㅋㅋ 매력 아니면 대화코드로 친해지고 자연스럽게 호감이 생겨서 그런거겠지 요새 헬스를 못해서 그런가 피부도 하얘서 피부관리 엄청 빡세게 하는데 롤모델은 딘딘은 딘딘이다 일하다보면 닮은사람도 있음  돈벌러가서 난 진짜 지금은  연애하고 싶은마음은 없었는데 다  하고 다니니까 일도 하고 연애도 하고 돈도 벌고 부러워서 그런건 아니고 길거리에서도 못할꺼 같은 사람들 다 하긴 하니까  난 밖에서 귀엽다고 좋아해주는 사람 많기는 한데 비율이 중요하지 지그재그만 가면 무슨 말을 못걸겠어 괜히 어색해질까봐 항상 뒷자리 자리 맡아주는 형아도 있음 인사하고 대화하고 다들 그런다 일하는 중간중간에도 대화하더라 큰소리로 수다 떠는 사람들도 있음 눈치라도 봐야하는거 아니여? 어떤사람은 돌아다니고 휴대폰 하고 전화까지 하더라 중요한 전화 아니면 안받아야지  열심히 하다가 잠깐 사탕 하나 먹는거야 뭐 그렇다 쳐 ㅋㅋ 식사제공 안하니까 배고픈건 이해해주겠지  오히려 일 잘하는 사람이나 할만큼 많이 한 사람한테는 대화하라고 하기도 하더라 요샌 예전만큼 물량이 없긴 하니까 최근에 좋아하게된 친형같은 형이 있어 나보다 얼마 안됬지만 정규대체 조장이 된 형 인데 난 그 형한테 서운하다고 느낀적 한번도 없었음 대화하고 궁금햇던거 물어보고 많은걸 얘기해줬다 몰랐던것도 많이 알게됨 부소장님이 하는척이 중요하다고 했었지 내가 그걸 잘하거든 할거없어도 가만히 있지는 않으니까 오히려 돌아다니고 뭐라도 할거없나 찾아서 하려고 하지 우리 형이나 난 시키지 않아도 알아서 하는편 뭐든 처음이 어렵지 하다보면 노하우가 생긴다  슬리퍼 신고 길 지나다녀도 나보다 작은 사람들이나 비슷한사람들 많더라 그말은 160이 안되는 사람들이 많다는거다 내가 165 조금 안되니까 140대 150대도 많긴 하지만  티비보면 방송인들도 160대 널렸지 결론은 사람마다 다르고 될놈은 된다는거다 요샌 작은 남자들이 조세호 박군 강재준 처럼 큰여자 만나는 시대 ㅋㅋㅋ 나이들어서 탈모만 안왔으면 좋겠음 일단 유전적으론 좋은듯 나도 부모님 도움 안받으려 하고 나이가 아직 어리지만 인생을 많이 산것도 아닌데 돈이 최고인거 같아 내가 마음이 여려서 사소한거에도 잘삐지는데 한창 즐기면서 긍정적으로 열심히 잘하고 있다가 멘탈 나가게 만들면 의욕이 사라지더라 스트레스도 너무 많이 받으면 우을증 생긴다더라 불면증도 올수있고 심해지면 흰머리 나고 여드름 난다고 해  케이제이 수원역 탑승하는 사람들 중 몇명이 문제인듯  사내연애 하게 되면서 업체변경 한건 거의 다 알텐테  난 남이 연애하든 말든 크게 관심은 없었는데 키 조금 크고 남자인 내가 봐도 잘생긴 남자는 나보다 얼마 안됬는데 일 조금 한다고 정규대체 됨 난 현재는 포기하고 거절햇음 어차피 다른공정 나보다 오래되신분 몇명도 아직 고정알바 인사람들 많으니까 휴게실에서 점심시간에 보려고 한건 아니였는데 나랑 체형 비슷한데 모자쓰고 안경쓴 남자 고정적으로 꾸준히 피킹 열심히 하는거 같은데 같이 일하는지 모르겠지만 귀엽게 생긴 어떤 여자 꼬시려고  가방에서 선물 꺼내서 주더라 아주 멋있어....리스펙한다 초창기때 키작은 어떤 여자랑 수다 떨고있더라 차별대우 하노 약간 사투리 쓰고 츤데레 같은 남자 인거 같은데  대화를 안해봐서 모르지 요샌 퐁당퐁당 나오더만 여자는 150대 쪼그만해 처음부터 나를 그냥 싫어하는거 같았음 그래서 지금 내가 싫어함  고생했다고 인사해주면 기본예의도 없이 쌩까버릴때 있었으니까 정들라고 햇엇는데 내가 먼저 정떨어짐 ㅋㅋ 난 이제 바로 손절한다 내가 신중하고 생각도 깊은데 나보다 얼마 안됬지만 조장된 형이 다 얘기해줬다  난 오래된 고정알바인데 서운했던건  지금은 이겨냈지  몸쓰는일 하는데 행사 끝나고 금요일에 무슨 회식이야 ㅋㅋㅋ 고생했으면 집가서 쉬는게 최고라고 생각함 엑셀 자격증 있어서 사무직도 한달정도 해봤음  주말이면 몰라도  그리고 무슨 톡방도 있다더만....고정알바 대부분 참석하고 톡방에 고정알바 몇명도 있다고 형이 얘기해줬음....일적인 얘기도 많이했음 옛날에 내가 1800건 이상 했을때 형이 나보고 미친짓 이라더라 그 다음날 생각해야지 하루만 하고 안나올거냐구 무리하면 안된다고........ 그동안 나 뭐한거냐.... 근데도 나 여태껏 정규대체 못됬음 나이가  어린거 인정 지그재그만 가면  감정기복이 심해지는거 인정 ㅋㅋㅋ 난 고민도 많이하고 입장 바꿔 생각하면서 살고있지만 현장에서 조용히 일만 하려고 한다 같이 일하는 분들이나 같은업체 통근 타시는 분들은 그간 정도 있으니까  같이 일하는 형들 누나들은 그래도 대화하려고 하지 아니 해야지...관리자들이나 CJ 분들 돌아다니면서 일하고 있는지 오늘 나왔는지 지켜보는건 다 아니까 눈치와 요령이 중요한데 페이스 조절도 중요한듯 난 업무시간에 생리현상 인데 급해도 참으려고 하는편어떤여자 한명 때문에 막판에 빡쳐가지고 그래도  형이랑 대화에 집중해야 되는데 아니 사람인데 난 말도 못거냐? 너 다른사람한테 말거는거 보이면 경찰에 고소한다 20대 초반에 경찰서에서 일한적있다 퇴근하고 얼마나 배고팟으면 뛰어가다가 오토바이랑 사고날뻔 오토버이가 운전을 똑바로 안한것도 있었지만.... 감정기복이 생기게 만들어서 그래.....캡모자 많이 쓰길래 나도 가끔 키 커보이려고 털모자 비니 라도 썼음 일할땐 후드모자 쓰지말라 햇는데도 몇명 보란듯이 쓰잖아 맨날 볼때마다 스마일 상태로 먼저 안녕하세요 하길래 ㅋㅋ 예전보다 나 붙임성 입담 좋아지긴 했는데 ㅠㅠ 지그재그 갔다오면 지존감 자신감은 낮아지고 열등감은 높아지고 ㅋㅋㅋ 의류만 하면 속도 빠른거 아니까 가만히 냅두면 주체할수 없을정도라 천천히 하래 ㅋㅋㅋ 이젠 쉬엄쉬엄 해도 기본은 하는듯 몸 한번 풀리면 끝장나지 요령이 생기니까 펀하더라  점심시간이 유일한 쉬는시간이라 혼자 쉬는 사람들 많음 지나가려고 하는데 길막 하는 사람도 있잖아 그래도 여긴 실수로 부딪히면 죄송하다고 하는 착한 사람들이 많더라 피킹하는 사람 오면 알아서 먼저 비켜주고 일찍가도 왜 항상 휴게실 자리가 없냐센터에서 진지한 얘기나 속마음을 털어놓을 사람은 아직 없음 6개월 전만 해도 하루만 하고 안나가려고 했었음 ㅋㅋ 지금도 아무생각 없이 다니고 있는거임 이게 맞는건지 잘하고 있는건지 모르겠다 친형이나 친누나가 없기도 한데 일만  잘하면 장땡이지  부모님은 몸쓰는일 하지말라고 하신다   이번 명절에는  어디 안가서 연휴 기니까 정주행도 하고 자아성찰이나 해야지 오히려 일하고 싶은데 오래 다녔던 곳들은 다 쉰다고 한다...범죄 저지른거 아닌이상 짤리면 딴데가면 그만 나야 잃을게 없으니까 참으면 화병 난다고 해서 할말은 하고 살아야 하는데 그래서 (경험담 후기) 란게 있다고 생각하고 왠만하면 난 안싸우려고 하니까 난 내가 26살 이지만 어리다고 생각은 안해 다른 사람들은 후기에 텃세 심하다 가지마라 욕 같은거 쓰더라 ㅋㅋ 텃세는 어딜가나 있다 심하냐 덜하냐 그 차이지 버텨서 자기걸로 만들줄도 알아야해 하지만 어떤데는 오래 다녓다고 자기자리 뺏길까봐 텃세 부리는 인간들도 있음 난 다른데서 잘한다고 계속 나오라고 바로 고정 됬었는데 내가 어떤곳들은 안나가서 티오 밀린적 많았지 ㅋㅋㅋㅋ,2025-01-24
여러분의 선택은?,식당 정직원 주5일 하루 10시간 쉬는시간 1시반 정각 12시출근 10시 퇴근 중식제공vs 식당 알바 주5일 하루 5~6시간 쉬는시간x 오후 6시 출근 12시퇴근 석식제공 여러분이라면 어떤 선택을 하실 것 같나요?,2025-01-24
보통 편의점 알바할 때 콘센트 써도 되나요?,핸드폰 충전하고 싶은데.. 보통은 금지하시겠죠ㅠㅠ,2025-01-24
27살에 전문대 나오고 처음 중소 취업 인생,답이 없다고 들을 정도겠죠..?만으로 3년제 나오고 알바만 또 하고..돈은 이제 천만원 모았고 겨우 전공쪽 취업이 생각보다 어렵고 우울합니다 아이큐도 77밖에 안돼요,2025-01-24
맨파워코리아 질문입니다,맨파워코리아 라는 아웃소싱회사요 아웃소싱회사에다 전화해서 물어보니 자기네는 정규직이라는데 잡코리아랑 알바몬에 똑같은 채용공고에 잡코리아에는 도급이라 되어있고 알바몬에는 정규직이라 되어있어요.. 뭐가 맞는걸지.. 아웃소싱 회사 소속 물류센터에서 근무하는거면 도급이 맞나여? 물류센터는 DHL물류센터라는곳이구요,2025-01-24
블루마케팅 솔루션 ngo,여기서 근무해보신 분,2025-01-24
점장 본사에 메일,점장 때문에 너무 스트레스 받는데 관두면서 본사에 메일 보내도 괜찮을까요?신입으로 들어갔는데 교육도 제대로 해준적 없으면서 모르면 뭐라하고 바빠 뒤지겠어도 사무실에 쳐박혀서 나오지도 않아서 걍 없는 인력이나 마찬가지예요사무실에서 컴퓨터 두들기고 있긴 한데 맨날 그럴 정도면 일을 얼마나 느리게 하는건지 그럴거면 점장을 할 자격이 안되는거 아닌가요? 다른 직원들도 다 이 점장 때문에 관두고 있어요 ㅋ메일 보내도 뭐 달라지는건 없겠죠?,2025-01-24
카페 경력자,진짜 카페는 무슨 경력자만 뽑는데 그럴만한 이유가 있는건가요? 예를 들어 음료나 샷 내리는게 어렵다는지 …,2025-01-24
고민입니다,맨파워코리아 아웃소싱회사 소속 물류센터에서 근무하고 주5일 월-금 주말공휴일 쉬고 세전270 식사미제공 할지 (서울에서 셔틀타고 경기도 이천시에 있는 물류센터로 이동) 이거할지 아니면 주6일 월-토 세전 280 정규직 대중교통으로 오고갈수 있는곳 할지 고민됩니다 … 어디가 나을까요 후자는 해본일,2025-01-24
계산좀 ..,제가 330월급에 10~10시 야간을 광고보고 면접 본 당일 오늘부터 한번해보시라 해서 그날은 일찍 시작하게되어8~8시까지 해본다고하고 보겠다 했습니다근데 일을해보고 집에오는길에 전 못하겠다고 문자를 드리고하루일한걸 말씀드렸는데 오후에 입금을 해주셨네요106.451 이렇게 계산해서 주심.이게 맞는걸까요?330월급에서 달일수를 맞춰서 계산? 하는게 맞나요?1월 31 2월28 3월 314월 30  달마나 일수가 다른데..알바가 아니라서 라는데..직원이고 쉬는날도 포함이라나? 주6일 일하고 최저시급도 안되는 금액 하루 12시간 106.451 원 이 말이되나싶어서요.. 어찌계산을 하는게 맞는거에요?제가잘몰라서 그러는데 아시는분 좀 알려주세요,2025-01-24
나이먹으면,나이먹으면  일구하기힘든데40부터는 늙은이취급 받을것같고거르는곳도 많을것같은데..근데 인생은 100세시대인데언제돈 모으고 노후대책 준비하죠결혼도해야되는데 .  애도 낳고싶고 35살부터는 노산이라하는데 노산무시하고 좀 늦게낳고싶어요돈좀더모으고 30후반쯤 애낳으면 돈도못벌것같고 돈도 많이 들것같은데.남편이 벌어도 그거로 부족할거같고..이래서 젊었을때 한군대들어가서 안나오고돈을 악착같이 벌어야하는건가..ㅠㅠ아직30대긴한데 40살도 금방 올것같아서 나이 너무 빨리먹는것같아서 불안하네요.누구한테는 제가 아직 젊은나이로 보일수있지만저도 7년남아서 슬슬 불안하네요26.27살에는 40살이란 숫자가 먼길같았는데32살부터는 느낌이 좀 들었는데지금33살되니까 느낌이 팍다르군요.. 7년이란 시간도 후딱 지나가니까27살때 33살도 너무빨리 지나가서...현재 30대후반분이나 40대분들은돈많이모으셧나요  머먹고 살고계시나요..,2025-01-24
닭발집 vs 레스토랑,1. 주6일 12시간(11:00-23:00)월급 세전370만원 닭발집  : 4-50분 거리에 있고 홀&주방 왔다갔다 함. 포장 배달 주문 많다고 알고있음. 휴게시간은 따로없음. 5인미만 사업장2. 월 6회휴무라 격주로 2일 휴무 12시간 근무(10:00-22:00) 월급 세전 360만원 와인함께파는 양식집 : 1시간정도 거리에 있고 홀업무 위주. 포장배달 있으며 휴게시간 1시간 반. 5인이상 사업장어디가 나을지 너무 고민되어서 올려봅니다ㅜㅜ,2025-01-24
설 단기 알바,구했다...이걸로 조금 위안삼아야지,2025-01-24
아웃소싱으로 1년 넘게 한적 있나요 ?,아웃소싱으로 1년 넘게 한적 있나요 ?,2025-01-24
부천 화장품 ㅎㅇㅂㅍㅌㄹ,이곳 알바 가기 전 조심하세요. 반장인지 뭔지하는 아줌마 텃세 미쳐버립니다. 조금만 자기 마음에 안 들면 소리지르고 욕하고 눈 흘기고... 물어보면 물어본다고 소리지르고 안 물어보면 왜 안 물어보냐고 욕하고.. 다른사람한테 질문하면 왜 자기한테 안 물어보냐고 화내고.. 어느 장단에 맞추길 바라는 건지... 정말 손이 덜덜 떨려서 일을 못할 정도에요.; 저만 그런가 했는데 다른 알바분들도 깜짝 놀랐다고 하네요. 노동청에 신고해야 하나 진지하게 고민될 정도입니다. 진짜 정신적으로 핍폐해지는데 신고할 확실한 명분이 없어서 더 미쳐요. 진짜 명심 또 명심하고 가세요......,2025-01-24
흑흑 속상타..,오늘 면접봤는데 일요일까지 연락주시겠다했는데 공고봤는데 모집마감이 뜬건 까인거맞지..? 흑흑 ㅜ 예상은했지만 슬프다.. 뽑힐 확률이 줄어드니까 ㅜㅜ 이제 면접 가는거부터 지쳐…,2025-01-24
23살 여자인데 14살때부터 알바 해왔음 어떰,14살 전단지 15~17살 롯데리아17~18살 베라 20살부터 지금까지 학기 중 카페일하고 방학때는 공장도 다니고 사무직도 해봄 중딩때부터 주말에도 알바 중취준은 올해 중에 고민이고 직장 다니면서도 주말 알바 봐서 병행할듯 모아둔 돈 3천 이제 모음 자취 중,2025-01-24
아웃소싱 이직확인서,아웃소싱 통해 일 해보신 분 계신가요ㅠㅠ?아웃소싱(ㅂㅂㅅㄹㅋ) 월별로 계약하는데 계약만료로 나가게 된다면 이직확인서 해주시는지 궁금합니다ㅠㅠ하청으로 근무하는 것 같고 본사 담당자님은 친절하셨는데 또 퇴사하고 나면 어떻게 될지 감도 안잡혀서요.,2025-01-24
시부렁 상인회 (온누리),개같은것들이 수산 하는거 부러워서 농축산 신청해놓고상인회장수ㅔ끼는 코빼기도 안비추고 있다가 오늘 어디서 기어나와가지고 줄 서있는 구매자들이랑 잡담이나 쳐 하고 자빠짐. 빨리해달라고 난리부르스 하더니 도와주지는 못할망정 입이나 털고 확 뒷통수를 갈겨버리고 싶었음.,2025-01-24
카페는 원래 채용횟수가 많나요?,직영점이던데 가맹점이랑 다른 게 있나요? 편의점은 직영이 훨씬 힘든 걸로 아는데 카페도 그럴까요? 최저긴 하던데,2025-01-24
사장님한테 폭언들은거 보상받는방법 있어?,"예를들어 내가 쓰레기통을 앞뒤로 잘못 넣었는데 사장님이 너 비정상이다,인지능력에 문제있다 이런 말씀을 하신다거나 그밖에도 너 전에 알바도 잘린거아니냐,고등학교 이정도면 퇴학당한거 아니냐 조사하면 다 나온다,그리고 내 사소한 습관 행동 하나하나 다 태클을걸어 힘들어내 제스처라던가 눈을 안마주칠때 눈을 반만뜨거나 사장님 키가 나보다 크셔서 내가 사장님을 올려다봐야할때도 그런걸로도 태클걸어서 너무 힘들었어그리고 오늘도 근로계약서 쓰다 면접이랑 말이 달라서 여쭤봤다가 **씨는 눈도안좋고~귀도 안좋은가봐 이러면서 막 비꼬시고 임금같은 문제로 내가 이것저것 따지니까 내가 너무 답답하고 법을 잘 모른대.....알바가기 전마다 무서워서 잠도 잘 못잤는데 보상받을 수 있는 방법 있을까?",2025-01-24
영어도서관 선생 알바 시작함,내 인생에 영어는 다시 안 할 줄 알았는데...집에서 가깝고 돈도 좀 주고 어린 영유아들 상대라 사춘기 학생들 대하는 것보다는 더 편할 것 같아서..후... 인생,2025-01-24
온누리 수산이 개꿀이네,걍 개꿀임,2025-01-24
알바 진짜,구하기 너무 힘드네요지원한곳은 여기랑 ㅇㅂㅊㄱ 둘이 합해서 40개는 넘는데 그 중에 연락 오는곳도 별로 없고 면접 보러가면 맨날 나중에 연락 준다고하고.. 저같은 알바 경력 별로 없는사람들은 뭘 하든 거절당하고 연락 기다린다고 마음만 초조하고ㅠ 힘드네여,2025-01-24
한우 프라자는 진짜,할 게 못 된다어디 지점인진 말 안 하는데텃세도 심하고 본인들은 솔직 + 장난이겠지만계속 듣는 나로서는 언어 폭력밖에 더 안 돼일이 힘들어도 다 같이 으쌰 으쌰 하는 분위기면 ㄱㅊ근데 여긴 일이 힘들어서 서로 떠넘기는 분위기라사기도 떨어지고 일하기도 싫어짐그러니까 정직원 하겠단 사람은 없고 알바만 구하지본인들부터 좀 반성했으면~~...,2025-01-24
40살넘으면 일구하기힘든가요?,40살넘으면 공장도 잘안받아주나요? 나이많아서 ?여자입니다   아직 40은아닌데  나이먹으면 공장이라도 들어가서 일할까하는데40넘으면 공장도 들어가기 힘드나요?,2025-01-24
설연휴 전 후 쿠팡 물량 많을까요?,캠프인데 사람 많이 구하더라구요 많이 구하는데는 이유가 있지 않을까 싶어서요 설연휴 내내 물량이 많나요 아니면 전 후가 많나요?,2025-01-24
퇴직금 주는데가,쿠○이랑 컬○밖에 없나요?,2025-01-24
다들 알바 어떻게 구하세요?,"카페 , 청소 , 물류, 상 하차 ,식당, 각 종 ,공장 ,콜센터 하루 알바 기타 등등 온라인지원, 발품팔기 할 수 있는 거 다 지원해도 TO가 마감되었다 , 연락도 안 오고 하늘의 별따기네요저 여잔데 노가다도 경험은없지만 시키면 할 수 있거든요?? 기회가 없어요 ㅋㅋㅋㅋㅋㅋ진짜 굶어죽는건가 싶네요 하..",2025-01-24
아직도 학업이랑 알바랑 병행할까 말까 고민이에요,"학기 시작하면 전공 공부도 해야하고 자격증도 따야하고 그런데 지금 알바가 좀 시간을 많이 차지해서요.. 주 3일 돈은 많이줘요. 근데 제가 따로 쓰고싶은 곳이 많아요 쌍수 피부과 교정 라식 등등등 이런건 부모님께서 지원안해주시고 등록금, 용돈, 월세는 내주세요. 주 3일 버리면서 돈 챙기는게 맞는걸까요 아니면 일하는 3일동안에도 공부하고 하면서 계속할지. 정말 고민입니다.그리고 위에 것들 말고도 개인적으로도 돈 욕심도 있고 돈을 쓰고 남은것들을 투자하고 싶은 마음도 있고 그래서 돈은 많이벌고싶어요",2025-01-24
원래 이렇게 이력서 열람을 잘 안 하나요?,이력서 열람 안 하는건 지원자가 너무 많아서 그런걸까요? 그럼 모집 마감을 하셔야 하는게 아닌가,2025-01-24
퇴사하고 급전필요해서ㅇㅇ,3군데 합격했는데2군데는 물류임..Gs편의점 물류하고  쿠팡 인천 계약직.근데 난 백화점 검수업무밖에 안해봤단 말이지.다른 한군데는 필름 외관검사직이고 주간고정이야.이번에 사무직 7개월남짓 다녔는데작은곳에서 트러블 오지게 나서 퇴사하고설전까지 여러군데 넣었거든.근데 물류는 확실히 면접 보는데 진짜 그 느낌허브느낌 그대로더라. 방송에서 본..백화점 짬밥가지고도 힘드실텐데 그래도 이쪽경력되시네요 설지나고 오시죠. 이러더라고.8분거리라 괜찮을거 같긴 한데.어디 가는게 나을까.Gs는 8분컷이고 물류긴 한데 9시반부터 시작임.쿠팡 인천은 계약직 걍 오라고 확정이고.필름회사도 확정임.님들같음 어디감? 필름회사가 낫지? 물류보다.겨울 힘들거 같아서 20군데 면접 이력서 넣었는데확실히 헬이긴 하다 어디 가냐.물류냐 공장이냐.추천좀.,2025-01-24
오산역 씨엔에스엘,지원했는데 아침 5시에서 6시사이에참석합니다 문자보내라는데가능성있나요?,2025-01-24
지그재그 상지 업체,가지마세요 3일째 돈 못받고있습니다,2025-01-24
"다이소 수원역, 수원 스타필드 스포츠몬스터 매표",둘다 합격했는데 뭐가 더 괜찮을까 ..,2025-01-24
쿠팡캠프 소분,쿠팡캠프 소분 힘든가요?신탄진cj에서 분류랑 하차는 했는데 그거보단 괜찮나요?,2025-01-24
상대원 OOOO  명절선물포장알바 비추,상대원 단기 명절선물포장 가지말아라 일하다가 아파서 조퇴해도 주휴수당 안준다 그리고 아줌마들 시다안해주면은 욕먹고 아줌마들중에 여자남자 갈라치기 많이하는 아줌마잇다.그냥 아줌마들은 놀러온거고 남자들은 개고생한다 시급도 쌔냐 그정도가 아니라서 쓰는거야 4글자 회사야 명절에 가지말아라 개고생한다 OOOO 아줌마들시다짓 15일정도해야된다 심지어 여자들도 할수잇는 일인데 여자는 힘이없다고 징징 해줘합니다. 절대 비추비추 헬을 맛보고싶음 요번추석에 가보세요 ㅋㅋㅋㅋ사장이 아줌마들 비위맞추느라 바뻐서 남자들은 무리해서 아프든말든 신경도 안쓰고 아파서 천천히 하면은 모라고함 조심,2025-01-24
설연휴때...,연휴때 알바는아무리찾아도 없고...참...그래서 하는말인데 아무 신병교육대 가서 이참에 머리도짧은데 거기껴서 하루만 밥먹고 나와도될까요??,2025-01-24
지금 설연휴 바로 직전이라 공고들이 별로 없는건가요ㅠ,지금 설연휴 바로 직전이라 공고들이 별로 없는건가요ㅠ알바말고 직원이요ㅠㅠ,2025-01-24
